{"cameraMode":{"drawMode":0,"name":"Shaded","section":"Shading Mode"},"sceneLighting":true,"audioPlay":false,"sceneViewState":{"m_AlwaysRefresh":false,"showFog":true,"showSkybox":true,"showFlares":true,"showImageEffects":true,"showParticleSystems":true,"showVisualEffectGraphs":true,"m_FxEnabled":true},"in2DMode":false,"pivot":{"x":-0.35728609561920168,"y":1.3953337669372559,"z":0.8854923248291016},"rotation":{"x":0.11930809170007706,"y":-0.5953993797302246,"z":0.08998546004295349,"w":0.7894117832183838},"size":6.416536808013916,"orthographic":false}